{"name":"BookCar","identifier":"FAP567OSU0","description":"Intent to book a car on StayBooker","parentIntentSignature":null,"sampleUtterances":[{"utterance":"Book a car"},{"utterance":"Reserve a car"},{"utterance":"Make a car reservation"}],"intentConfirmationSetting":{"isActive":true,"promptSpecification":{"messageGroupsList":[{"message":{"ssmlMessage":null,"customPayload":null,"plainTextMessage":{"value":"OK, I have you down for a {CarType} hire in {PickUpCity} from {PickUpDate} to {ReturnDate}.  Should I book the reservation?"},"imageResponseCard":null},"variations":null}],"maxRetries":2,"allowInterrupt":true},"declinationResponse":{"messageGroupsList":[{"message":{"ssmlMessage":null,"customPayload":null,"plainTextMessage":{"value":"OK, I have cancelled your reservation in progress."},"imageResponseCard":null},"variations":null}],"allowInterrupt":true}},"intentClosingSetting":null,"inputContexts":null,"outputContexts":null,"kendraConfiguration":null,"dialogCodeHook":null,"fulfillmentCodeHook":null,"slotPriorities":[{"priority":1,"slotName":"PickUpCity"},{"priority":4,"slotName":"DriverAge"},{"priority":5,"slotName":"CarType"},{"priority":3,"slotName":"ReturnDate"},{"priority":2,"slotName":"PickUpDate"}]}