{"name":"DriverAge","identifier":"GB5YYGA6TR","description":"Age of the driver during the car hire.","slotTypeName":"AMAZON.Number","obfuscationSetting":null,"valueElicitationSetting":{"waitAndContinueSpecification":null,"promptSpecification":{"messageGroupsList":[{"message":{"ssmlMessage":null,"customPayload":null,"plainTextMessage":{"value":"How old is the driver for this hire?"},"imageResponseCard":null},"variations":null}],"maxRetries":2,"allowInterrupt":true},"slotConstraint":"Required","defaultValueSpecification":null,"sampleUtterances":null},"multipleValuesSetting":null}