[
  {
    "value": "Cheese",
    "synonyms": [
      "Cheese"
    ]
  },
  {
    "value": "Sausage",
    "synonyms": [
      "Sausage"
    ]
  },
  {
    "value": "Pepperoni",
    "synonyms": [
      "Pepperoni"
    ]
  },
  {
    "value": "Bacon",
    "synonyms": [
      "Bacon"
    ]
  },
  {
    "value": "Chicken",
    "synonyms": [
      "Chicken"
    ]
  },
  {
    "value": "Mushroom",
    "synonyms": [
      "Mushroom"
    ]
  },
  {
    "value": "Pepper",
    "synonyms": [
      "Pepper"
    ]
  },
  {
    "value": "Olives",
    "synonyms": [
      "Olives"
    ]
  },
  {
    "value": "Onion",
    "synonyms": [
      "Onion"
    ]
  }
]