[
  {
    "id": "865c932e-d885-4544-821a-b3ea149570cd",
    "data": [
      {
        "text": "My name is ",
        "userDefined": false
      },
      {
        "text": "Gob Shite",
        "meta": "@sys.person",
        "alias": "name",
        "userDefined": true
      },
      {
        "text": ", ",
        "userDefined": false
      },
      {
        "text": "0831345768",
        "meta": "@sys.phone-number",
        "alias": "number",
        "userDefined": false
      }
    ],
    "isTemplate": false,
    "count": 0,
    "lang": "en",
    "updated": 0
  },
  {
    "id": "6c298167-b68c-4650-b271-b34ef16c26a0",
    "data": [
      {
        "text": "Ralph Swords",
        "meta": "@sys.person",
        "alias": "name",
        "userDefined": true
      },
      {
        "text": ", ",
        "userDefined": false
      },
      {
        "text": "0862116226",
        "meta": "@sys.phone-number",
        "alias": "number",
        "userDefined": true
      }
    ],
    "isTemplate": false,
    "count": 0,
    "lang": "en",
    "updated": 0
  }
]