[
  {
    "id": "70283d54-b38c-419c-95a6-cf7b1f9da93a",
    "data": [
      {
        "text": "I would like a ",
        "userDefined": false
      },
      {
        "text": "large",
        "meta": "@PizzaSize",
        "alias": "size",
        "userDefined": false
      },
      {
        "text": " ",
        "userDefined": false
      },
      {
        "text": "pepperoni",
        "meta": "@PizzaIngredient",
        "alias": "ingredients",
        "userDefined": false
      },
      {
        "text": " pizza, with a ",
        "userDefined": false
      },
      {
        "text": "regular",
        "meta": "@PizzaCrust",
        "alias": "crust",
        "userDefined": true
      },
      {
        "text": " base",
        "userDefined": false
      }
    ],
    "isTemplate": false,
    "count": 0,
    "lang": "en",
    "updated": 0
  },
  {
    "id": "90ec7464-73fe-4e95-85bc-3f2698ff9126",
    "data": [
      {
        "text": "can I have ",
        "userDefined": false
      },
      {
        "text": "small",
        "meta": "@PizzaSize",
        "alias": "size",
        "userDefined": false
      },
      {
        "text": ", ",
        "userDefined": false
      },
      {
        "text": "thin",
        "meta": "@PizzaCrust",
        "alias": "crust",
        "userDefined": true
      },
      {
        "text": " ",
        "userDefined": false
      },
      {
        "text": "pizza",
        "userDefined": true
      },
      {
        "text": " with ",
        "userDefined": false
      },
      {
        "text": "cheese",
        "meta": "@PizzaIngredient",
        "alias": "ingredients",
        "userDefined": false
      }
    ],
    "isTemplate": false,
    "count": 0,
    "lang": "en",
    "updated": 0
  },
  {
    "id": "039195ad-ba94-44df-b593-80ac7884d2d9",
    "data": [
      {
        "text": "I want a ",
        "userDefined": false
      },
      {
        "text": "small",
        "meta": "@PizzaSize",
        "alias": "size",
        "userDefined": true
      },
      {
        "text": " pizza, with ",
        "userDefined": false
      },
      {
        "text": "cheese",
        "meta": "@PizzaIngredient",
        "alias": "ingredients",
        "userDefined": true
      },
      {
        "text": " and ",
        "userDefined": false
      },
      {
        "text": "mushroom",
        "meta": "@PizzaIngredient",
        "alias": "ingredients",
        "userDefined": true
      }
    ],
    "isTemplate": false,
    "count": 0,
    "lang": "en",
    "updated": 0
  },
  {
    "id": "b1b1042f-6018-43ee-825a-21c8964b4b70",
    "data": [
      {
        "text": "can i have a ",
        "userDefined": false
      },
      {
        "text": "large",
        "meta": "@PizzaSize",
        "alias": "size",
        "userDefined": true
      },
      {
        "text": " ",
        "userDefined": false
      },
      {
        "text": "sausage",
        "meta": "@PizzaIngredient",
        "alias": "ingredients",
        "userDefined": true
      },
      {
        "text": " pizza",
        "userDefined": false
      }
    ],
    "isTemplate": false,
    "count": 0,
    "lang": "en",
    "updated": 0
  },
  {
    "id": "b4e4e105-8f89-49ca-b197-c5647435f5a2",
    "data": [
      {
        "text": "Pizza order",
        "userDefined": false
      }
    ],
    "isTemplate": false,
    "count": 0,
    "lang": "en",
    "updated": 0
  },
  {
    "id": "9dfd1209-273f-4b59-8aa2-44bf7f2be665",
    "data": [
      {
        "text": "I want pizza",
        "userDefined": false
      }
    ],
    "isTemplate": false,
    "count": 0,
    "lang": "en",
    "updated": 0
  },
  {
    "id": "d4e7821c-9811-45e3-9b1f-237fd020a52d",
    "data": [
      {
        "text": "Order a pizza",
        "userDefined": false
      }
    ],
    "isTemplate": false,
    "count": 0,
    "lang": "en",
    "updated": 0
  },
  {
    "id": "1fb908d5-8f25-4c5b-bd40-1a442d563f54",
    "data": [
      {
        "text": "I want to order a pizza",
        "userDefined": false
      }
    ],
    "isTemplate": false,
    "count": 0,
    "lang": "en",
    "updated": 0
  }
]