[
  {
    "id": "1027a65a-3f0b-4c37-80f1-008130113d7e",
    "data": [
      {
        "text": "do you have a deal",
        "userDefined": false
      }
    ],
    "isTemplate": false,
    "count": 0,
    "lang": "en",
    "updated": 0
  },
  {
    "id": "f794d0fd-39dc-4330-b389-9801598cf898",
    "data": [
      {
        "text": "What do you recommend",
        "userDefined": false
      }
    ],
    "isTemplate": false,
    "count": 0,
    "lang": "en",
    "updated": 0
  },
  {
    "id": "67ec5c6c-f8d4-4252-8eab-7a55e24fb871",
    "data": [
      {
        "text": "Do you have any specials",
        "userDefined": false
      }
    ],
    "isTemplate": false,
    "count": 0,
    "lang": "en",
    "updated": 0
  },
  {
    "id": "0d40e4b3-7c7c-4228-86cc-21ae0556402e",
    "data": [
      {
        "text": "What is ",
        "userDefined": false
      },
      {
        "text": "today",
        "userDefined": false
      },
      {
        "text": "\u0027s specials",
        "userDefined": false
      }
    ],
    "isTemplate": false,
    "count": 0,
    "lang": "en",
    "updated": 0
  }
]