{"name":"PickUpDate","identifier":"ZBN1KXIUTP","description":"Date to start the hire","slotTypeName":"AMAZON.Date","obfuscationSetting":null,"valueElicitationSetting":{"waitAndContinueSpecification":null,"promptSpecification":{"messageGroupsList":[{"message":{"ssmlMessage":null,"customPayload":null,"plainTextMessage":{"value":"What day do you want to start your hire?"},"imageResponseCard":null},"variations":null}],"maxRetries":2,"allowInterrupt":true},"slotConstraint":"Required","defaultValueSpecification":null,"sampleUtterances":null},"multipleValuesSetting":null}