{"name":"RoomType","identifier":"M6OCUGRSFN","description":"Enumeration of types of rooms that are offered by a hotel.","slotTypeName":"RoomTypeValues","obfuscationSetting":null,"valueElicitationSetting":{"waitAndContinueSpecification":null,"promptSpecification":{"messageGroupsList":[{"message":{"ssmlMessage":null,"customPayload":null,"plainTextMessage":{"value":"What type of room would you like, queen, king or deluxe?"},"imageResponseCard":null},"variations":null}],"maxRetries":2,"allowInterrupt":true},"slotConstraint":"Required","defaultValueSpecification":null,"sampleUtterances":null},"multipleValuesSetting":null}